satImageFN,imageFN,Name,ID,State,County,Latitude,Longitude,Date of inception,Height (m),Focalheight (m),Range (nm),Light characteristic,heritageDesignation,Conveyd Lightstaition,yearOfTransfer,"
proceeds"
Q1687043.png,Q1687043.jpg,Rondout Light,Q1687043,New York,Kingston,41.920833333,-73.9625,1838,15,16,9,Fl W 6s,http://www.wikidata.org/entity/Q19558910,LocalGov,2002,
Q5398653.png,Q5398653.jpg,Esopus Meadows Light,Q5398653,New York,Ulster County,41.868389,-73.941611,1839,17,18,6,Fl W 2.5s,http://www.wikidata.org/entity/Q19558910,ngo,2002,
Q6651703.png,Q6651703.jpg,Little River Light,Q6651703,Maine,Washington County,44.650885,-67.19209556,1846,12,17,13,Fl W 6s,http://www.wikidata.org/entity/Q19558910,ngo,2002,
Q7587188.png,Q7587188.jpg,St. Augustine Light,Q7587188,Florida,St. Augustine,29.8856,-81.2886,1824,50,49,19,FFl W 30s,http://www.wikidata.org/entity/Q19558910,ngo,2002,
Q7859692.png,Q7859692.jpg,Tybee Island Lighthouse and Museum,Q7859692,Georgia,Tybee Island,32.022222222,-80.845638888,1736,44,44,16,F W,,ngo,2002,
Q3560917.png,Q3560917.jpg,Point Retreat Light,Q3560917,Alaska,Juneau,58.411111,-134.953056,1904,"7,6",19,9,Fl W 6s,http://www.wikidata.org/entity/Q19558910,ngo,2003,
Q5161081.png,Q5161081.jpg,Conimicut Light,Q5161081,Rhode Island,Warwick,41.716944,-71.345833,1883,"17,7",17,8,"FI W 2.5s, R sector",http://www.wikidata.org/entity/Q19558910,LocalGov,2004,
Q108901001.png,Q108901001.jpg,Thomas Point Shoal Light,Q108901001,Maryland,Anne Arundel County,38.903389,-76.438570,1875,39,13,16,Fl W 5s (two R sectors),,LocalGov,2004,
Q2790673.png,Q2790673.jpg,Five Finger Islands Light,Q2790673,Alaska,Petersburg Borough,57.270556,-133.630278,1902,"20,7",25,18,Fl W 10s,http://www.wikidata.org/entity/Q19558910,ngo,2004,
Q5598355.png,Q5598355.jpg,Grays Harbor Light,Q5598355,Washington,Grays Harbor County,46.8884,-124.117,1889,33,37,19,Alt WR 30s,http://www.wikidata.org/entity/Q19558910,ngo,2004,
Q5654695.png,Q5654695.jpg,Harbor of Refuge Light,Q5654695,Delaware,Sussex County,38.8146,-75.0924,1908,23,22,16,"FI W 5s, R sector",http://www.wikidata.org/entity/Q1129142,ngo,2004,
Q7207272.png,Q7207272.jpg,Poe Reef Light,Q7207272,Michigan,Cheboygan County,45.695,-84.361667,1929,17,22,9,Iso W 2s,http://www.wikidata.org/entity/Q19558910,ngo,2004,
Q14716282.png,Q14716282.jpg,South Manitou Island Lighthouse,Q14716282,Michigan,Michigan,45.0072,-86.0939,1840,20,32,18,F W,http://www.wikidata.org/entity/Q19558910,ngo,2004,
Q7591684.png,Q7591684.jpg,St. Simons Island Light,Q7591684,Georgia,Glynn County,31.133056,-81.391667,1810,32,32,15,"FF W, FI W 60s",http://www.wikidata.org/entity/Q19558910,ngo,2004,
Q4878098.png,Q4878098.jpg,Beaver Island Harbor Light,Q4878098,Michigan,St. James Township,45.7428,-85.5086,1856,12,12,10,Iso R 6s,,LocalGov,2005,
Q7986262.png,Q7986262.jpg,West Point Light,Q7986262,Washington,Seattle,47.661972,-122.435667,1881,7,8,13,Alt WR 10s,http://www.wikidata.org/entity/Q19558910,LocalGov,2005,
Q5617748.png,Q5617748.jpg,Gull Rock Light Station,Q5617748,Michigan,Keweenaw County,47.417222,-87.663611,1867,14,15,6,Fl(2) W 5s,http://www.wikidata.org/entity/Q19558910,ngo,2005,
Q7545272.png,Q7545272.jpg,Smith Point Light,Q7545272,Virginia,Northumberland County,37.879722,-76.183889,1897,16,16,16,Fl W 10s,http://www.wikidata.org/entity/Q7934314,publicSale,2005,"$170,000"
Q7018936.png,Q7018936.jpg,Newport News Middle Ground Light,Q7018936,Virginia,Newport News,36.945,-76.391667,1891,21,18,12,"Fl R, 10s",http://www.wikidata.org/entity/Q7934314,publicSale,2005,"$31,000"
Q7784202.png,Q7784202.jpg,Thimble Shoal Light,Q7784202,Virginia,Q49231,37.014486,-76.239853,1872,17,16,18,Fl W 10s,http://www.wikidata.org/entity/Q7934314,publicSale,2005,"$65,000"
Q7208173.png,Q7208173.jpg,Point Sur Lighthouse,Q7208173,California,Monterey County,36.305,-121.898611,1889,15,83,24,Fl W 15s,http://www.wikidata.org/entity/Q19558910,stateGov,2005,
Q7855087.png,Q7855087.jpg,Turkey Point Light,Q7855087,Maryland,Kent County,39.4499,-76.0084,1833,"11,5",39,10,Fl W 6s,http://www.wikidata.org/entity/Q19558910,stateGov,2005,
Q6896769.png,Q6896769.jpg,Moloka'i Light,Q6896769,Hawaii,Kalawao County,21.212222,-156.9725,1909,42,65,13,Fl W 10s,http://www.wikidata.org/entity/Q19558910,federalTransfer,2006,
Q7208119.png,Q7208119.jpg,Point Pinos Lighthouse,Q7208119,California,Pacific Grove,36.6334,-121.934,1855,13,27,17,Oc W 4s,http://www.wikidata.org/entity/Q19558910,LocalGov,2006,
Q2856088.png,Q2856088.jpg,Sentinel Island Light,Q2856088,Alaska,Juneau,58.546111,-134.920278,1902,13,26,16,Fl W 10s,http://www.wikidata.org/entity/Q19558910,ngo,2006,
Q7728362.png,Q7728362.jpg,The Cuckolds Light,Q7728362,Maine,Lincoln County,43.7795,-69.65,1892,"14,5",18,12,Fl(2) W 6s,http://www.wikidata.org/entity/Q19558910,ngo,2006,
Q14716827.png,Q14716827.jpg,Toledo Harbor Light,Q14716827,Ohio,Lucas County,41.7178,-83.4214,1901,21,22,10,Iso W 6s,http://www.wikidata.org/entity/Q19558910,ngo,2006,
Q7417418.png,Q7417418.jpg,Sandy Point Shoal Light,Q7417418,Maryland,Anne Arundel County,39.016,-76.38458333,1883,11,16,9,Fl W 6s,http://www.wikidata.org/entity/Q19558910,publicSale,2006,"$250,000"
Q4852868.png,Q4852868.jpg,Baltimore Harbor Light,Q4852868,Maryland,Anne Arundel County,39.05919,-76.399,1908,16,16,5,"FI W 2.5s, R sector",http://www.wikidata.org/entity/Q19558910,publicSale,2006,"$260,000"
Q5584112.png,Q5584112.jpg,Goose Rocks Light,Q5584112,Maine,North Haven,44.13541667,-68.83066667,1890,"15,5","15,5",11,Fl W 6s,http://www.wikidata.org/entity/Q19558910,publicSale,2006,"$27,000"
Q8029912.png,Q8029912.jpg,Wolf Trap Light,Q8029912,Virginia,Mathews County,37.39,-76.19,1821,16,16,14,Fl W 15s,http://www.wikidata.org/entity/Q7934314,publicSale,2006,"$75,000"
Q6698798.png,Q6698798.jpg,Ludington Light,Q6698798,Michigan,Ludington,43.953611,-86.469444,1871,17,17,5,Iso G 6s,http://www.wikidata.org/entity/Q19558910,LocalGov,2007,
Q726301.png,Q726301.jpg,Ashtabula Harbor Light,Q726301,Ohio,Ashtabula County,41.9186,-80.7959,1905,12,16,8,Fl Y 6s,http://www.wikidata.org/entity/Q19558910,ngo,2007,
Q4928091.png,Q4928091.jpg,Bloody Point Bar Light,Q4928091,Maryland,Queen Anne's County,38.833,-76.391,1882,12,16,7,"FI W 6s, R sectors",,publicSale,2007,"$100,000"
Q5876983.png,Q5876983.jpg,Hog Island Shoal Light,Q5876983,Rhode Island,Newport County,41.632306,-71.273222,1886,18,"16,5",12,Iso W 6s,http://www.wikidata.org/entity/Q19558910,publicSale,2007,"$165,001"
Q5475898.png,Q5475898.jpg,Fourteen Foot Bank Light,Q5475898,Delaware,Kent County,39.0482,-75.1836,1886,12,18,13,"Fl W 9s, R Sector",http://www.wikidata.org/entity/Q19558910,publicSale,2007,"$200,000"
Q6695163.png,Q6695163.jpg,Lubec Channel Light,Q6695163,Maine,Washington County,44.84205194,-66.97661722,1890,12,16,6,Fl W 6s,http://www.wikidata.org/entity/Q19558910,publicSale,2007,"$46,000"
Q5084156.png,Q5084156.jpg,Charleston Light,Q5084156,South Carolina,Sullivan's Island,32.75791667,-79.84325,1960,43,50,26,Fl(2) W 30s,,federalTransfer,2008,
Q5084261.png,Q5084261.jpg,Charlevoix South Pier Light Station,Q5084261,Michigan,Charlevoix,45.320278,-85.265,1948,12,13,10,Fl R 4s,http://www.wikidata.org/entity/Q19558910,LocalGov,2008,
Q6817255.png,Q6817255.jpg,Menominee Pier Light,Q6817255,Michigan,Menominee,45.097222222,-87.585833333,1927,10,14,9,Oc R 4s,http://www.wikidata.org/entity/Q19558910,LocalGov,2008,
Q7108231.png,Q7108231.jpg,Oswego Harbor West Pierhead Light,Q7108231,New York,Oswego County,43.4733,-76.5168,1880,12,"17,5",9,Fl RW 5s,http://www.wikidata.org/entity/Q19558910,LocalGov,2008,
Q7611130.png,Q7611130.jpg,Stepping Stones Light,Q7611130,New York,New York,40.824333,-73.77475,1877,14,14,8,Oc G 4s,http://www.wikidata.org/entity/Q19558910,LocalGov,2008,
Q5880958.png,Q5880958.jpg,Holland Harbor Light,Q5880958,Michigan,Holland,42.7727,-86.2124,1872,13,15,14,Alt WR 10s,http://www.wikidata.org/entity/Q19558910,ngo,2008,
Q3378389.png,Q3378389.jpg,Sharps Island Light,Q3378389,Maryland,Talbot County,38.6391,-76.3757,1838,14,Retired,,,http://www.wikidata.org/entity/Q19558910,publicSale,2008,"$80,000"
Q5095636.png,Q5095636.jpg,Chicago Harbor Light,Q5095636,Illinois,Chicago,41.889444,-87.590556,1893,20,25,24,Fl R 5s,http://www.wikidata.org/entity/Q2222981,LocalGov,2009,
Q5419772.png,Q5419772.jpg,Execution Rocks Light,Q5419772,New York,New Rochelle,40.878139,-73.737861,1849,18,19,15,Fl W 10s,http://www.wikidata.org/entity/Q19558910,ngo,2009,
Q5898379.png,Q5898379.jpg,Hooper Island Light,Q5898379,Maryland,Dorchester County,38.25625,-76.24980556,1901,"10,5",19,9,"Fl W, 6s",http://www.wikidata.org/entity/Q19558910,ngo,2009,
Q7009889.png,Q7009889.jpg,New London Harbor Light,Q7009889,Connecticut,New London,41.31666,-72.08997,1760,27,27,14,"Iso W 6s, R sector",http://www.wikidata.org/entity/Q19558910,ngo,2009,
Q2566433.png,Q2566433.jpg,Whaleback Light,Q2566433,Maine,Kittery,43.058816,-70.69638,1830,15,18,14,Fl(2) W 10s,http://www.wikidata.org/entity/Q19558910,ngo,2009,
Q33320700.png,Q33320700.jpg,Cleveland East Pierhead Light,Q33320700,Ohio,Cleveland,41.510277777,-81.715277777,1911,"9,5",12,7,Iso G 6s,http://www.wikidata.org/entity/Q19558910,publicSale,2009,"$10,000"
Q5328070.png,Q5328070.jpg,East Charity Shoal Light,Q5328070,New York,Cape Vincent,44.0367,-76.4817,1877,12,16,9,Fl R 4s,http://www.wikidata.org/entity/Q19558910,publicSale,2009,"$25,501"
Q14692599.png,Q14692599.jpg,Duluth Harbor North Pier Light,Q14692599,Minnesota,Duluth,46.781,-92.0881,1910,11,13,11,Iso R 4s,http://www.wikidata.org/entity/Q19558910,publicSale,2009,"$31,000"
Q6672695.png,Q6672695.jpg,Long Island Head Light,Q6672695,Massachusetts,Boston,42.330216,-70.957673,1819,16,"36,5",6,Fl W 2.5s,http://www.wikidata.org/entity/Q19558910,federalTransfer,2010,
Q5471242.png,Q5471242.jpg,Fort Gratiot Light,Q5471242,Michigan,St. Clair County,43.006306,-82.422472,1825,26,25,18,Fl G 6s,http://www.wikidata.org/entity/Q19558910,LocalGov,2010,
Q5654559.png,Q5654559.jpg,Harbor Beach Light,Q5654559,Michigan,Harbor Beach,43.845556,-82.630833,1858,14,16,12,Al WR 10s,http://www.wikidata.org/entity/Q19558910,LocalGov,2010,
Q15207418.png,Q15207418.jpg,Cape San Juan Light,Q15207418,Puerto Rico,Fajardo,18.38111111,-65.61825,1882,14,79,26,Fl W 15s,http://www.wikidata.org/entity/Q19558910,ngo,2010,
Q3308122.png,Q3308122.jpg,Currituck Beach Lighthouse,Q3308122,North Carolina,Corolla,36.376667,-75.830833,1875,49,64,18,Fl W 20s,http://www.wikidata.org/entity/Q19558910,ngo,2010,
Q5244123.png,Q5244123.jpg,DeTour Reef Light,Q5244123,Michigan,Chippewa County,45.948889,-83.903056,1931,19,23,13,Fl W 10s,http://www.wikidata.org/entity/Q19558910,ngo,2010,
Q6942767.png,Q6942767.jpg,Muskegon South Pierhead Light,Q6942767,Michigan,Muskegon,43.2267,-86.3415,1851,"14,5",15,6,Fl R 4s,http://www.wikidata.org/entity/Q19558910,ngo,2010,
Q1581328.png,Q1581328.jpg,West Bank Light,Q1581328,Now York,Staten Island,40.538,-74.042806,1901,17,21,12,Iso R 6s,http://www.wikidata.org/entity/Q19558910,publicSale,2010,"$195,000"
Q6496156.png,Q6496156.jpg,Latimer Reef Light,Q6496156,New York,Long Island,41.304507,-71.933316,1804,15,17,9,Fl W 6s,http://www.wikidata.org/entity/Q19558910,publicSale,2010,"$225,000"
Q4944488.png,Q4944488.jpg,Borden Flats Light,Q4944488,Massachusetts,Massachusetts,41.704441,-71.174396,1875,15,14,11,Fl W 2.5s,http://www.wikidata.org/entity/Q19558910,publicSale,2010,"$56,569"
Q4849167.png,Q4849167.jpg,Baker Island Light,Q4849167,Maine,Cranberry Isles,44.24120861,-68.19901167,1828,13,32,10,Fl W 10s,http://www.wikidata.org/entity/Q19558910,federalTransfer,2011,
Q6397941.png,Q6397941.jpg,Kewaunee Pierhead Lighthouse,Q6397941,Wisconsin,Kewaunee,44.4572,-87.4931,1891,13,"13,5",15,F W,http://www.wikidata.org/entity/Q19558910,LocalGov,2011,
Q12061470.png,Q12061470.jpg,Manistee Pierhead lights,Q12061470,Michigan,Manistee,44.2517,-86.3464,1870,12,17,15,Iso W 6s,http://www.wikidata.org/entity/Q19558910,LocalGov,2011,
Q425986.png,Q425986.jpg,Robbins Reef Light,Q425986,New Jersey,Bayonne,40.657364,-74.065355,1839,14,17,7,Fl G 6s,http://www.wikidata.org/entity/Q19558910,ngo,2011,
Q6391315.png,Q6391315.jpg,Kenosha North Pier Light,Q6391315,Wisconsin,Kenosha,42.5888,-87.8086,1906,15,15,11,Iso R 6s,http://www.wikidata.org/entity/Q19558910,publicSale,2011,"$17,000"
Q7288480.png,Q7288480.jpg,Ram Island Ledge Light,Q7288480,Maine,Portland,43.63147222,-70.18736111,1905,22,"23,5",8,Fl(2) W 6s,http://www.wikidata.org/entity/Q19558910,publicSale,2011,"$190,000"
Q6750266.png,Q6750266.jpg,Manitowoc Breakwater Light,Q6750266,Wisconsin,Manitowoc,44.0928,-87.6436,1918,12,16,13,Iso W 6s,,publicSale,2011,"$30,000"
Q81643507.png,Q81643507.jpg,Conneaut Harbor Light,Q81643507,Ohio,Ashtabula County,41.979722222,-80.558055555,1905,12,16,13,Fl WR 5s,http://www.wikidata.org/entity/Q19558910,publicSale,2011,"$46,000"
Q5430706.png,Q5430706.jpg,Fairport Harbor West Breakwater Light,Q5430706,Ohio,Fairport Harbor,41.7679,-81.2812,1925,13,17,13,Iso W 6s,http://www.wikidata.org/entity/Q19558910,publicSale,2011,"$71,010"
Q5598744.png,Q5598744.jpg,Great Beds Light,Q5598744,New Jersey,South Amboy,40.48666667,-74.25333333,1880,19,19,6,Fl R 6s,http://www.wikidata.org/entity/Q19558910,publicSale,2011,"$90,000"
Q7363153.png,Q7363153.jpg,Romer Shoal Light,Q7363153,New Jersey,Highlands,40.513006,-74.01352,1838,16,16,15,Fl(2) W 15s,http://www.wikidata.org/entity/Q19558910,publicSale,2011,"$90,000"
Q7193314.png,Q7193314.jpg,Pigeon Point Lighthouse,Q7193314,California,San Mateo County,37.18166667,-122.39388889,1872,35,45,24,Fl W 10s,http://www.wikidata.org/entity/Q2933979,stateGov,2011,
Q5476370.png,Q5476370.jpg,Fowey Rocks Light,Q5476370,Florida,Miami-Dade County,25.59061111,-80.09666667,1887,34,34,10,"Fl W 10s , 2 R sectors",http://www.wikidata.org/entity/Q19558910,federalTransfer,2012,
Q16840774.png,Q16840774.jpg,Grand Haven South Pierhead Entrance Light,Q16840774,Michigan,Grand Haven,43.056944444,-86.255833333,1839,11,13,17,Fl R 10s,,LocalGov,2012,
Q16840779.png,Q16840779.jpg,Grand Haven South Pierhead Inner Light,Q16840779,Michigan,Grand Haven,43.057222222,-86.253888888,1881,15,16,3,Oc R 4s,,ngo,2012,
Q5945338.png,Q5945338.jpg,Huntington Harbor Light,Q5945338,New York,Lloyd Harbor,40.910722,-73.431306,1857,13,12,9,Iso W 6s,http://www.wikidata.org/entity/Q19558910,ngo,2012,
Q5270818.png,Q5270818.jpg,Diamond Head Light,Q5270818,North Carolina,Oahu,21.256944,-157.809444,1898,17,45,14,Oc(2) WR 10s,http://www.wikidata.org/entity/Q19558910,publicSale,2012,"$20,000"
Q6650223.png,Q6650223.jpg,Little Gull Island Light,Q6650223,New York,Suffolk County,41.20638889,-72.10694444,1806,25,28,18,Fl(2) W 15s,,publicSale,2012,"$381,000"
Q7497932.png,Q7497932.jpg,Ship John Shoal Light,Q7497932,New Jersey,Cumberland County,39.305278,-75.376667,1877,14,15,12,"Fl W 5s, R sector",http://www.wikidata.org/entity/Q19558910,publicSale,2012,"$60,200"
Q15256004.png,Q15256004.jpg,Moose Peak Light Shalen’s New Home,Q15256004,Maine,Washington County,44.47458056,-67.53199167,1827,"17,5",22,20,Fl W 30s,,publicSale,2012,"$93,500"
Q7354843.png,Q7354843.jpg,Rock of Ages Light,Q7354843,Michigan,Keweenaw County,47.866667,-89.313333,1908,36,36,17,Fl(2) W 10s,http://www.wikidata.org/entity/Q19558910,federalTransfer,2013,
Q5337606.png,Q5337606.jpg,Edgartown Harbor Light,Q5337606,Massachusetts,Dukes county,41.39111,-70.50306,1828,"13,5",13,5,Fl R 6s,http://www.wikidata.org/entity/Q19558910,LocalGov,2013,
Q7621171.png,Q7621171.jpg,Straitsmouth Island Light,Q7621171,Massachusetts,Rockport,42.6623,-70.5881,1835,11,14,6,Fl G 6s,http://www.wikidata.org/entity/Q19558910,LocalGov,2013,
Q4734801.png,Q4734801.jpg,Alpena Light,Q4734801,Michigan,Alpena,45.060278,-83.423056,1875,10,13,12,Fl R 6s,http://www.wikidata.org/entity/Q19558910,ngo,2013,
Q4957291.png,Q4957291.jpg,Brandywine Shoal Light,Q4957291,New Jersey,Cape May County,38.9864,-75.1135,1828,14,18,13,"FI W 10s, R sector",http://www.wikidata.org/entity/Q19558910,ngo,2013,
Q6861683.png,Q6861683.jpg,Milwaukee Breakwater Light,Q6861683,Wisconsin,Milwaukee,43.027,-87.882,1926,16,20,14,Fl R 10s,http://www.wikidata.org/entity/Q19558910,ngo,2013,
Q7230493.png,Q7230493.jpg,Port Austin Light,Q7230493,Michigan,Port Austin,44.0833,-82.9833,1878,18,23,7,Fl W 6s,http://www.wikidata.org/entity/Q19558910,ngo,2013,
Q7278919.png,Q7278919.jpg,Race Rock Light,Q7278919,New York,Long Island,41.2435,-72.047,1878,14,20,16,Fl R 10s,http://www.wikidata.org/entity/Q19558910,ngo,2013,
Q6749931.png,Q6749931.jpg,Manistique East Breakwater Light,Q6749931,Michigan,Manistique,45.9446,-86.2472,1916,11,15,10,Iso R 6s,http://www.wikidata.org/entity/Q19558910,publicSale,2013,"$15,000"
Q5132124.png,Q5132124.jpg,Cleveland East Ledge Light,Q5132124,Massachusetts,Falmouth,41.630964,-70.694179,1943,21,23,15,Fl W 10s,http://www.wikidata.org/entity/Q19558910,publicSale,2013,"$190,000"
Q6646553.png,Q6646553.jpg,Liston Range Rear Light,Q6646553,Delaware,New Castle County,39.5239,-75.639,1877,37,54,19,F W,http://www.wikidata.org/entity/Q19558910,publicSale,2013,"$22,003"
Q7102309.png,Q7102309.jpg,Orient Point Light,Q7102309,New York,Suffolk County,41.163442,-72.223615,1899,16,20,17,Fl W 5s,http://www.wikidata.org/entity/Q19558910,publicSale,2013,"$252,000"
Q14537875.png,Q14537875.jpg,The Graves Light,Q14537875,Massachusetts,Boston,42.3649,-70.8691,1903,34,29,15,Fl(2) W 12s,http://www.wikidata.org/entity/Q19558910,publicSale,2013,"$933,888"
Q6936687.png,Q6936687.jpg,Munising Front Range Light,Q6936687,Michigan,Munising,46.4151,-86.6611,1908,58,79,13,F R,,federalTransfer,2014,
Q7260562.png,Q7260562.jpg,Punta Tuna Light,Q7260562,Puerto Rico,Maunabo,17.98830556,-65.88541667,1892,15,34,16,Fl(2) W 30s,http://www.wikidata.org/entity/Q19558910,LocalGov,2014,
Q4849264.png,Q4849264.jpg,Bakers Island Light,Q4849264,Massachusetts,Salem,42.536444,-70.785917,1791,18,34,14,Al WR 20s,http://www.wikidata.org/entity/Q19558910,ngo,2014,
Q12063850.png,Q12063850.jpg,New London Ledge Light,Q12063850,Connecticut,Groton,41.306121,-72.077286,1909,18,18,15,Fl(4) WR 30s,http://www.wikidata.org/entity/Q19558910,ngo,2014,
Q6869325.png,Q6869325.jpg,Minot's Ledge Light,Q6869325,Massachusetts,Norfolk County,42.269722,-70.759083,1850,27,26,10,Fl(1+4+3) W 45s,http://www.wikidata.org/entity/Q19558910,publicSale,2014,"$222,000"
Q5641964.png,Q5641964.jpg,Halfway Rock Light,Q5641964,Maine,Cumberland County,43.65577778,-70.036785,1871,23,"23,5",19,Fl R 5s,http://www.wikidata.org/entity/Q19558910,publicSale,2014,"$283,000"
Q7628986.png,Q7628986.jpg,Sturgeon Bay Canal Light,Q7628986,Wisconsin,Door County,44.795,-87.3133,1899,30,32,17,Fl R 10s,http://www.wikidata.org/entity/Q19558910,publicSale,2014,"$48,500"
Q7371061.png,Q7371061.jpg,Round Island Passage Light,Q7371061,Michigan,Mackinac County,45.8433,-84.615,1947,18,22,14,Fl R 4s,http://www.wikidata.org/entity/Q19558910,publicSale,2014,"$65,500"
Q4943563.png,Q4943563.jpg,Boon Island Light,Q4943563,Maine,York,43.12144944,-70.47642194,1811,41,42,19,Fl W 5s,http://www.wikidata.org/entity/Q19558910,publicSale,2014,"$78,000"
Q5528593.png,Q5528593.jpg,Gay Head Light,Q5528593,Massachusets,Aquinnah,41.348444,-70.834944,1799,"15,5",52,20,Al WR 7.5s,http://www.wikidata.org/entity/Q4742563,LocalGov,2015,
Q2331864.png,Q2331864.jpg,Stannard Rock Light,Q2331864,Michigan,Marquette County,47.183611,-87.218056,1883,30,31,18,Fl W 6s,http://www.wikidata.org/entity/Q19558910,ngo,2015,
Q7158764.png,Q7158764.jpg,Peck Ledge Light,Q7158764,Connecticut,Norwalk,41.0783,-73.3683,1906,16,19,5,Fl G 2.5s,http://www.wikidata.org/entity/Q19558910,publicSale,2015,"$235,000"
Q3378379.png,Q3378379.jpg,Saybrook Breakwater Light,Q3378379,Connecticut,Old Saybrook,41.2632,-72.34276,1886,15,18,3,Fl G 6s,http://www.wikidata.org/entity/Q19558910,publicSale,2015,"$290,000"
Q15253289.png,Q15253289.jpg,Miah Maull Shoal Light,Q15253289,New Jersey,Cumberland County,39.12666667,-75.20972222,1913,14,18,12,"Oc W 4s, R sector",http://www.wikidata.org/entity/Q19558910,publicSale,2015,"$90,000"
Q4724302.png,Q4724302.jpg,Algoma Pierhead Light,Q4724302,Wisconsin,Algoma,44.6069,-87.4294,1908,"12,5","14,5",16,Iso R 6s,,LocalGov,2016,
Q7231028.png,Q7231028.jpg,Port Washington Breakwater Light,Q7231028,Wisconsin,Port Washington,43.3853,-87.8597,1889,18,24,8,Fl R 6s,,LocalGov,2016,
Q5317656.png,Q5317656.jpg,Duxbury Pier Light,Q5317656,Massachusetts,Plymouth County,41.987425,-70.64854722,1871,14,11,6,Fl(2) R 5s,http://www.wikidata.org/entity/Q19558910,ngo,2016,
Q5997383.png,Q5997383.jpg,Ile Aux Galets,Q5997383,Michigan,Ile Aux Galets,45.676389,-85.171667,1888,18,18,11,Fl W 6s,http://www.wikidata.org/entity/Q19558910,ngo,2016,
Q29096978.png,Q29096978.jpg,Keweenaw Waterway Lower Entrance Light,Q29096978,Michigan,Torch Lake Township,46.96888889,-88.43111111,1919,19,21,9,Fl W 6s,http://www.wikidata.org/entity/Q19558910,ngo,2016,
Q7621986.png,Q7621986.jpg,Stratford Shoal Light,Q7621986,Connecticut,Fairfield County,41.059806,-73.101306,1837,11,18,13,Fl W 5s,http://www.wikidata.org/entity/Q19558910,ngo,2016,
Q7995386.png,Q7995386.jpg,White Shoal Light,Q7995386,Michigan,Emmet County,45.842222,-85.135278,1910,37,38,17,Fl W 5s,http://www.wikidata.org/entity/Q19558910,publicSale,2016,"$110,009"
Q7571308.png,Q7571308.jpg,Southwest Ledge Light,Q7571308,Connecticut,New Haven County,41.231389,-72.923611,1877,14,17,13,Fl R 5s,http://www.wikidata.org/entity/Q19558910,publicSale,2016,"$180,002"
Q5002608.png,Q5002608.jpg,Butler Flats Light,Q5002608,Massachusets,New Bedford,41.60375,-70.894444,1898,16,16,6,Fl W 4s,http://www.wikidata.org/entity/Q19558910,publicSale,2016,"$80,000"
Q14716104.png,Q14716104.jpg,Frankfort Light,Q14716104,Michigan,Frankfort,44.6306,-86.2522,1873,20,22,16,F W,http://www.wikidata.org/entity/Q19558910,LocalGov,2017,
Q5475901.png,Q5475901.jpg,Fourteen Foot Shoal Light,Q5475901,Michigan,Cheboygan,45.6798,-84.435,1929,17,17,9,Oc W 4s,http://www.wikidata.org/entity/Q19558910,publicSale,2017,"$133,333"
Q5266004.png,Q5266004.jpg,Detroit River Light,Q5266004,Michigan,Monroe County,42.00075,-83.140681,1875,15,17,10,Fl(2) W 6s,http://www.wikidata.org/entity/Q19558910,publicSale,2017,"$188,500"
Q6487483.png,Q6487483.jpg,Lansing Shoals Light Station,Q6487483,Michigan,Mackinac County,45.903333,-85.561667,1928,18,21,14,Fl W 10s,http://www.wikidata.org/entity/Q19558910,publicSale,2017,"$26,000"
Q14716228.png,Q14716228.jpg,Minneapolis Shoal Light Station,Q14716228,Michigan,Delta County,45.5361,-86.9983,1934,21,25,27,Fl W 5s,http://www.wikidata.org/entity/Q19558910,publicSale,2017,"$28,000"
Q7162651.png,Q7162651.jpg,Penfield Reef Light,Q7162651,Connecticut,Fairfield County,41.116667,-73.221667,1874,35,51,15,Fl R 6s,http://www.wikidata.org/entity/Q19558910,publicSale,2017,"$282,345"
Q5598372.png,Q5598372.jpg,Grays Reef Light Station,Q5598372,Michigan,Emmet County,45.766667,-85.153333,1891,20,25,15,Fl R 10s,http://www.wikidata.org/entity/Q19558910,publicSale,2017,$52.777
Q16895957.png,Q16895957.jpg,North Manitou Shoal Light Station,Q16895957,Michigan,Leland Township,45.02,-85.9567,1935,19,24,12,Fl R 15s,http://www.wikidata.org/entity/Q19558910,publicSale,2017,"$73,000"
Q6776447.png,Q6776447.jpg,Martin Reef Light Station,Q6776447,Michigan,Mackinac County,45.913333,-84.148333,1927,16,20,13,Fl W/R 10s,http://www.wikidata.org/entity/Q19558910,publicSale,2018,"$52,777"
Q5181676.png,Q5181676.jpg,Craighill Channel Lower Range Front Light,Q5181676,Maryland,Baltimore County,39.18861389,-76.3944,1873,20,7,6,"Fl W, 3 s with R sector",http://www.wikidata.org/entity/Q19558910,publicSale,2018,"$96,000"
Q7095063.png,Q7095063.jpg,Ontonagon Light,Q7095063,Michigan,Ontonagon,46.873611,-89.318611,1853,10,10,11,,http://www.wikidata.org/entity/Q19558910,publicSale,2019,"$7,500"
Q810448.png,Q810448.jpg,Bass Harbor Head Light,Q810448,Maine,Hancock County,44.221806,-68.337278,1858,10,17,13,Oc R 4s,http://www.wikidata.org/entity/Q19558910,federalTransfer,2020,
Q7415820.png,Q7415820.jpg,Sand Key Light,Q7415820,Florida,Monroe County,24.463889,-81.879444,1827,40,33,11,Fl(2) W 15s with R sectors,http://www.wikidata.org/entity/Q19558910,publicSale,2021,"$86,000"
Q7559332.png,Q7559332.jpg,Sombrero Key Light,Q7559332,Florida,Monroe County,24.627906,-81.111606,1858,43,42,15,Fl(5) W 60s,http://www.wikidata.org/entity/Q19558910,publicSale,2022,"$575,000"
Q4744980.png,Q4744980.jpg,American Shoal Light,Q4744980,Florida,Monroe County,24.52511722,-81.51941611,1880,34,6,14,Fl(4) W 60s,http://www.wikidata.org/entity/Q19558910,publicSale,2022,"$860,000"